{"p_x": 0.8987773477918584, "p_y": -0.042406686886371676, "orien_z": -0.1478412136258314, "orien_w": 0.9890111099242724}